{
    "out_dir_base": "C:/Users/Christian/Documents/StudiumPhD/python/wire_analysis/scripts\\output/",
    "analysis_run_name": "1sccm_300TC",
    "extractor_dict_path": "C:/Users/Christian/Documents/StudiumPhD/python/Keysight-DMM-34461A/analysis/\\output/flow_on_off/2023-09-22_1sccm_300TC_z-scan_jf+hg_wire\\extractor_dict.json",
    "z_list_unsorted": [
        -11,
        -6,
        -1.5,
        1,
        3.5,
        7,
        12,
        20,
        -10,
        -5,
        -1,
        1.5,
        4,
        8,
        13,
        18,
        -9,
        -4,
        -0.5,
        2,
        4.5,
        9,
        14,
        19,
        -8,
        -3,
        0,
        2.5,
        5,
        10,
        15,
        17,
        -7,
        -2,
        0.5,
        3,
        6,
        11,
        16
    ],
    "selection_indices": [
        3,
        100000,
        1
    ],
    "fit_start": {
        "l_eff": 3.0,
        "theta_max": 0.4276056667386107,
        "z0": 1.51,
        "A": 0.02415,
        "P_0": -0.16,
        "y0": 35.17,
        "A_bound": [
            0.007245,
            0.07245
        ]
    },
    "fit_result": {
        "l_eff": 2.5790531839361197,
        "A": 0.018901516849391314,
        "z0": 1.8764237994098334,
        "P_0": -0.1453851396886237,
        "theta_max": 0.4276056667386107,
        "y0": 35.17
    },
    "fit_result_errors": {
        "l_eff": 0.12928297803498473,
        "A": 0.0003676655239917489,
        "z0": 0.16667032673970203,
        "P_0": 0.0030202113897837826,
        "theta_max": null,
        "y0": null
    }
}